ue_count,mean_5G_AKA,mean_EAP_AKA,t_statistic,p_value,significant
10,0.25780000000000003,0.2538,1.0087239587086303,0.3293666840718532,False
25,0.2525,0.25110000000000005,0.42181773281544227,0.6782656651931798,False
40,0.24619999999999997,0.24889999999999998,-1.3416407864998763,0.1966054397530801,False
55,0.24539999999999998,0.24559999999999998,-0.0751882060675649,0.9409753970491129,False
70,0.2515,0.24289999999999998,2.78955599203287,0.016672628836968687,True
85,0.2645,0.2452,6.497420370973693,3.9938731099525696e-05,True
100,0.2532,0.2403,3.5099243542572673,0.005362996377838134,True
