mean_difference_sec,ci_low,ci_high,t_statistic,p_value
0.009146233766233747,0.007535722866151508,0.010756744666315985,11.132559102933664,1.4831495562474031e-28
